uid,email,first_name,last_name,password,created
1,raymond.chen@gmail.com,Raymond,Chen,$2a$10$LS/qx80BWdjjHz9SUmwp3ORyWLnf0JyutdE3my3DMzvFYrdAAkd.i,2020-02-08
2,jeffrey.luo@gmail.com,Jeffrey,Luo,$2a$10$LS/qx80BWdjjHz9SUmwp3ORyWLnf0JyutdE3my3DMzvFYrdAAkd.i,2020-02-09
3,luke.qin@gmail.com,Luke,Qin,$2a$10$LS/qx80BWdjjHz9SUmwp3ORyWLnf0JyutdE3my3DMzvFYrdAAkd.i,2020-02-10
4,sachin.jaishankar@gmail.com,Sachin,Jaishankar,$2a$10$LS/qx80BWdjjHz9SUmwp3ORyWLnf0JyutdE3my3DMzvFYrdAAkd.i,2020-02-11
5,shrey.gupta@gmail.com,Shrey,Gupta,$2a$10$LS/qx80BWdjjHz9SUmwp3ORyWLnf0JyutdE3my3DMzvFYrdAAkd.i,2020-02-12
6,lebron.james@gmail.com,LeBron,James,$2a$10$LS/qx80BWdjjHz9SUmwp3ORyWLnf0JyutdE3my3DMzvFYrdAAkd.i,2020-02-13
7,edgardy.reyes@gmail.com,Edgardy,Reyes,$2a$10$LS/qx80BWdjjHz9SUmwp3ORyWLnf0JyutdE3my3DMzvFYrdAAkd.i,2020-02-14
8,jeff.bezos@gmail.com,Jeff,Bezos,$2a$10$LS/qx80BWdjjHz9SUmwp3ORyWLnf0JyutdE3my3DMzvFYrdAAkd.i,2020-02-15
9,mark.zuckerberg@gmail.com,Mark,Zuckerberg,$2a$10$LS/qx80BWdjjHz9SUmwp3ORyWLnf0JyutdE3my3DMzvFYrdAAkd.i,2020-02-16
10,bill.gates@gmail.com,Bill,Gates,$2a$10$LS/qx80BWdjjHz9SUmwp3ORyWLnf0JyutdE3my3DMzvFYrdAAkd.i,2020-02-17
11,warren.buffett@gmail.com,Warren,Buffett,$2a$10$LS/qx80BWdjjHz9SUmwp3ORyWLnf0JyutdE3my3DMzvFYrdAAkd.i,2020-02-18
12,vincent.price@gmail.com,Vincent,Price,$2a$10$LS/qx80BWdjjHz9SUmwp3ORyWLnf0JyutdE3my3DMzvFYrdAAkd.i,2020-02-19
13,elon.musk@gmail.com,Elon,Musk,$2a$10$LS/qx80BWdjjHz9SUmwp3ORyWLnf0JyutdE3my3DMzvFYrdAAkd.i,2020-02-20
14,walt.disney@gmail.com,Walt,Disney,$2a$10$LS/qx80BWdjjHz9SUmwp3ORyWLnf0JyutdE3my3DMzvFYrdAAkd.i,2020-02-21
15,carole.baskins@gmail.com,Carole,Baskins,$2a$10$LS/qx80BWdjjHz9SUmwp3ORyWLnf0JyutdE3my3DMzvFYrdAAkd.i,2020-02-23
16,tombrady12@gmail.com,Tom,Brady,$2a$10$LS/qx80BWdjjHz9SUmwp3ORyWLnf0JyutdE3my3DMzvFYrdAAkd.i,2020-02-24
17,john.lennon@gmail.com,John,Lennon,$2a$10$LS/qx80BWdjjHz9SUmwp3ORyWLnf0JyutdE3my3DMzvFYrdAAkd.i,2020-02-25
18,mccartney_paul@gmail.com,Paul,McCartney,$2a$10$LS/qx80BWdjjHz9SUmwp3ORyWLnf0JyutdE3my3DMzvFYrdAAkd.i,2020-02-26
19,ringo@gmail.com,Ringo,Starr,$2a$10$LS/qx80BWdjjHz9SUmwp3ORyWLnf0JyutdE3my3DMzvFYrdAAkd.i,2020-02-27
20,george.harrison@gmail.com,George,Harrison,$2a$10$LS/qx80BWdjjHz9SUmwp3ORyWLnf0JyutdE3my3DMzvFYrdAAkd.i,2020-02-28